--
-- PostgreSQL database dump
--

-- Dumped from database version 16.2
-- Dumped by pg_dump version 16.2

SET statement_timeout = 0;
SET lock_timeout = 0;
SET idle_in_transaction_session_timeout = 0;
SET client_encoding = 'UTF8';
SET standard_conforming_strings = on;
SELECT pg_catalog.set_config('search_path', '', false);
SET check_function_bodies = false;
SET xmloption = content;
SET client_min_messages = warning;
SET row_security = off;

--
-- Name: Buffy; Type: SCHEMA; Schema: -; Owner: postgres
--

CREATE SCHEMA "Buffy";


ALTER SCHEMA "Buffy" OWNER TO postgres;

--
-- Name: SCHEMA "Buffy"; Type: COMMENT; Schema: -; Owner: postgres
--

COMMENT ON SCHEMA "Buffy" IS 'Used for the Warren Buffy application';


SET default_tablespace = '';

SET default_table_access_method = heap;

--
-- Name: budget; Type: TABLE; Schema: Buffy; Owner: postgres
--

CREATE TABLE "Buffy".budget (
    id integer NOT NULL,
    "budgetItemId" integer NOT NULL
);


ALTER TABLE "Buffy".budget OWNER TO postgres;

--
-- Name: budgetCategoryLU; Type: TABLE; Schema: Buffy; Owner: postgres
--

CREATE TABLE "Buffy"."budgetCategoryLU" (
    id integer NOT NULL,
    "categoryName" character varying(50) NOT NULL
);


ALTER TABLE "Buffy"."budgetCategoryLU" OWNER TO postgres;

--
-- Name: budgetItems; Type: TABLE; Schema: Buffy; Owner: postgres
--

CREATE TABLE "Buffy"."budgetItems" (
    id integer NOT NULL,
    "budgetItemId" integer NOT NULL,
    "categoryId" integer NOT NULL,
    "subCategoryId" integer NOT NULL,
    amount numeric(15,2) NOT NULL
);


ALTER TABLE "Buffy"."budgetItems" OWNER TO postgres;

--
-- Name: budgetSubCategoryLU; Type: TABLE; Schema: Buffy; Owner: postgres
--

CREATE TABLE "Buffy"."budgetSubCategoryLU" (
    id integer NOT NULL,
    "subCategoryName" character varying(50) NOT NULL
);


ALTER TABLE "Buffy"."budgetSubCategoryLU" OWNER TO postgres;

--
-- Name: index; Type: TABLE; Schema: Buffy; Owner: postgres
--

CREATE TABLE "Buffy".index (
    id integer NOT NULL,
    "indexId" integer NOT NULL,
    "indexName" character varying(100) NOT NULL,
    ticker character varying(5) NOT NULL,
    notes character varying(255)
);


ALTER TABLE "Buffy".index OWNER TO postgres;

--
-- Name: investment; Type: TABLE; Schema: Buffy; Owner: postgres
--

CREATE TABLE "Buffy".investment (
    id integer NOT NULL,
    "investmentId" integer,
    "fundId" integer
);


ALTER TABLE "Buffy".investment OWNER TO postgres;

--
-- Name: mutualFunds; Type: TABLE; Schema: Buffy; Owner: postgres
--

CREATE TABLE "Buffy"."mutualFunds" (
    id integer NOT NULL,
    "fundId" integer NOT NULL,
    "fundName" character varying(100) NOT NULL,
    ticker character varying(5) NOT NULL,
    units integer,
    "yearlyAvgReturn" numeric(5,2),
    notes character varying(255)
);


ALTER TABLE "Buffy"."mutualFunds" OWNER TO postgres;

--
-- Name: portfolio; Type: TABLE; Schema: Buffy; Owner: postgres
--

CREATE TABLE "Buffy".portfolio (
    id integer NOT NULL,
    "investmentId" integer
);


ALTER TABLE "Buffy".portfolio OWNER TO postgres;

--
-- Name: stocksEtfs; Type: TABLE; Schema: Buffy; Owner: postgres
--

CREATE TABLE "Buffy"."stocksEtfs" (
    id integer NOT NULL,
    "investmentId" integer,
    "stockName" character varying(100),
    ticker character varying(5),
    shares integer,
    notes character varying(255)
);


ALTER TABLE "Buffy"."stocksEtfs" OWNER TO postgres;

--
-- Name: watchlist; Type: TABLE; Schema: Buffy; Owner: postgres
--

CREATE TABLE "Buffy".watchlist (
    id integer NOT NULL,
    "investmentId" integer,
    "indexId" integer
);


ALTER TABLE "Buffy".watchlist OWNER TO postgres;

--
-- Name: auth_group; Type: TABLE; Schema: public; Owner: postgres
--

CREATE TABLE public.auth_group (
    id integer NOT NULL,
    name character varying(150) NOT NULL
);


ALTER TABLE public.auth_group OWNER TO postgres;

--
-- Name: auth_group_id_seq; Type: SEQUENCE; Schema: public; Owner: postgres
--

ALTER TABLE public.auth_group ALTER COLUMN id ADD GENERATED BY DEFAULT AS IDENTITY (
    SEQUENCE NAME public.auth_group_id_seq
    START WITH 1
    INCREMENT BY 1
    NO MINVALUE
    NO MAXVALUE
    CACHE 1
);


--
-- Name: auth_group_permissions; Type: TABLE; Schema: public; Owner: postgres
--

CREATE TABLE public.auth_group_permissions (
    id bigint NOT NULL,
    group_id integer NOT NULL,
    permission_id integer NOT NULL
);


ALTER TABLE public.auth_group_permissions OWNER TO postgres;

--
-- Name: auth_group_permissions_id_seq; Type: SEQUENCE; Schema: public; Owner: postgres
--

ALTER TABLE public.auth_group_permissions ALTER COLUMN id ADD GENERATED BY DEFAULT AS IDENTITY (
    SEQUENCE NAME public.auth_group_permissions_id_seq
    START WITH 1
    INCREMENT BY 1
    NO MINVALUE
    NO MAXVALUE
    CACHE 1
);


--
-- Name: auth_permission; Type: TABLE; Schema: public; Owner: postgres
--

CREATE TABLE public.auth_permission (
    id integer NOT NULL,
    name character varying(255) NOT NULL,
    content_type_id integer NOT NULL,
    codename character varying(100) NOT NULL
);


ALTER TABLE public.auth_permission OWNER TO postgres;

--
-- Name: auth_permission_id_seq; Type: SEQUENCE; Schema: public; Owner: postgres
--

ALTER TABLE public.auth_permission ALTER COLUMN id ADD GENERATED BY DEFAULT AS IDENTITY (
    SEQUENCE NAME public.auth_permission_id_seq
    START WITH 1
    INCREMENT BY 1
    NO MINVALUE
    NO MAXVALUE
    CACHE 1
);


--
-- Name: auth_user; Type: TABLE; Schema: public; Owner: postgres
--

CREATE TABLE public.auth_user (
    id integer NOT NULL,
    password character varying(128) NOT NULL,
    last_login timestamp with time zone,
    is_superuser boolean NOT NULL,
    username character varying(150) NOT NULL,
    first_name character varying(150) NOT NULL,
    last_name character varying(150) NOT NULL,
    email character varying(254) NOT NULL,
    is_staff boolean NOT NULL,
    is_active boolean NOT NULL,
    date_joined timestamp with time zone NOT NULL
);


ALTER TABLE public.auth_user OWNER TO postgres;

--
-- Name: auth_user_groups; Type: TABLE; Schema: public; Owner: postgres
--

CREATE TABLE public.auth_user_groups (
    id bigint NOT NULL,
    user_id integer NOT NULL,
    group_id integer NOT NULL
);


ALTER TABLE public.auth_user_groups OWNER TO postgres;

--
-- Name: auth_user_groups_id_seq; Type: SEQUENCE; Schema: public; Owner: postgres
--

ALTER TABLE public.auth_user_groups ALTER COLUMN id ADD GENERATED BY DEFAULT AS IDENTITY (
    SEQUENCE NAME public.auth_user_groups_id_seq
    START WITH 1
    INCREMENT BY 1
    NO MINVALUE
    NO MAXVALUE
    CACHE 1
);


--
-- Name: auth_user_id_seq; Type: SEQUENCE; Schema: public; Owner: postgres
--

ALTER TABLE public.auth_user ALTER COLUMN id ADD GENERATED BY DEFAULT AS IDENTITY (
    SEQUENCE NAME public.auth_user_id_seq
    START WITH 1
    INCREMENT BY 1
    NO MINVALUE
    NO MAXVALUE
    CACHE 1
);


--
-- Name: auth_user_user_permissions; Type: TABLE; Schema: public; Owner: postgres
--

CREATE TABLE public.auth_user_user_permissions (
    id bigint NOT NULL,
    user_id integer NOT NULL,
    permission_id integer NOT NULL
);


ALTER TABLE public.auth_user_user_permissions OWNER TO postgres;

--
-- Name: auth_user_user_permissions_id_seq; Type: SEQUENCE; Schema: public; Owner: postgres
--

ALTER TABLE public.auth_user_user_permissions ALTER COLUMN id ADD GENERATED BY DEFAULT AS IDENTITY (
    SEQUENCE NAME public.auth_user_user_permissions_id_seq
    START WITH 1
    INCREMENT BY 1
    NO MINVALUE
    NO MAXVALUE
    CACHE 1
);


--
-- Name: django_admin_log; Type: TABLE; Schema: public; Owner: postgres
--

CREATE TABLE public.django_admin_log (
    id integer NOT NULL,
    action_time timestamp with time zone NOT NULL,
    object_id text,
    object_repr character varying(200) NOT NULL,
    action_flag smallint NOT NULL,
    change_message text NOT NULL,
    content_type_id integer,
    user_id integer NOT NULL,
    CONSTRAINT django_admin_log_action_flag_check CHECK ((action_flag >= 0))
);


ALTER TABLE public.django_admin_log OWNER TO postgres;

--
-- Name: django_admin_log_id_seq; Type: SEQUENCE; Schema: public; Owner: postgres
--

ALTER TABLE public.django_admin_log ALTER COLUMN id ADD GENERATED BY DEFAULT AS IDENTITY (
    SEQUENCE NAME public.django_admin_log_id_seq
    START WITH 1
    INCREMENT BY 1
    NO MINVALUE
    NO MAXVALUE
    CACHE 1
);


--
-- Name: django_content_type; Type: TABLE; Schema: public; Owner: postgres
--

CREATE TABLE public.django_content_type (
    id integer NOT NULL,
    app_label character varying(100) NOT NULL,
    model character varying(100) NOT NULL
);


ALTER TABLE public.django_content_type OWNER TO postgres;

--
-- Name: django_content_type_id_seq; Type: SEQUENCE; Schema: public; Owner: postgres
--

ALTER TABLE public.django_content_type ALTER COLUMN id ADD GENERATED BY DEFAULT AS IDENTITY (
    SEQUENCE NAME public.django_content_type_id_seq
    START WITH 1
    INCREMENT BY 1
    NO MINVALUE
    NO MAXVALUE
    CACHE 1
);


--
-- Name: django_migrations; Type: TABLE; Schema: public; Owner: postgres
--

CREATE TABLE public.django_migrations (
    id bigint NOT NULL,
    app character varying(255) NOT NULL,
    name character varying(255) NOT NULL,
    applied timestamp with time zone NOT NULL
);


ALTER TABLE public.django_migrations OWNER TO postgres;

--
-- Name: django_migrations_id_seq; Type: SEQUENCE; Schema: public; Owner: postgres
--

ALTER TABLE public.django_migrations ALTER COLUMN id ADD GENERATED BY DEFAULT AS IDENTITY (
    SEQUENCE NAME public.django_migrations_id_seq
    START WITH 1
    INCREMENT BY 1
    NO MINVALUE
    NO MAXVALUE
    CACHE 1
);


--
-- Name: django_session; Type: TABLE; Schema: public; Owner: postgres
--

CREATE TABLE public.django_session (
    session_key character varying(40) NOT NULL,
    session_data text NOT NULL,
    expire_date timestamp with time zone NOT NULL
);


ALTER TABLE public.django_session OWNER TO postgres;

--
-- Name: user; Type: TABLE; Schema: public; Owner: postgres
--

CREATE TABLE public."user" (
    id integer NOT NULL,
    phone character varying(10) NOT NULL,
    address1 character varying(100) NOT NULL,
    address2 character varying(100),
    city character varying(50) NOT NULL,
    "zipCode" character varying(5) NOT NULL,
    "budgetId" integer NOT NULL,
    "portfolioId" integer NOT NULL,
    "watchlistId" integer NOT NULL,
    "authUserId" integer NOT NULL
);


ALTER TABLE public."user" OWNER TO postgres;

--
-- Data for Name: budget; Type: TABLE DATA; Schema: Buffy; Owner: postgres
--

COPY "Buffy".budget (id, "budgetItemId") FROM stdin;
\.


--
-- Data for Name: budgetCategoryLU; Type: TABLE DATA; Schema: Buffy; Owner: postgres
--

COPY "Buffy"."budgetCategoryLU" (id, "categoryName") FROM stdin;
\.


--
-- Data for Name: budgetItems; Type: TABLE DATA; Schema: Buffy; Owner: postgres
--

COPY "Buffy"."budgetItems" (id, "budgetItemId", "categoryId", "subCategoryId", amount) FROM stdin;
\.


--
-- Data for Name: budgetSubCategoryLU; Type: TABLE DATA; Schema: Buffy; Owner: postgres
--

COPY "Buffy"."budgetSubCategoryLU" (id, "subCategoryName") FROM stdin;
\.


--
-- Data for Name: index; Type: TABLE DATA; Schema: Buffy; Owner: postgres
--

COPY "Buffy".index (id, "indexId", "indexName", ticker, notes) FROM stdin;
\.


--
-- Data for Name: investment; Type: TABLE DATA; Schema: Buffy; Owner: postgres
--

COPY "Buffy".investment (id, "investmentId", "fundId") FROM stdin;
\.


--
-- Data for Name: mutualFunds; Type: TABLE DATA; Schema: Buffy; Owner: postgres
--

COPY "Buffy"."mutualFunds" (id, "fundId", "fundName", ticker, units, "yearlyAvgReturn", notes) FROM stdin;
\.


--
-- Data for Name: portfolio; Type: TABLE DATA; Schema: Buffy; Owner: postgres
--

COPY "Buffy".portfolio (id, "investmentId") FROM stdin;
\.


--
-- Data for Name: stocksEtfs; Type: TABLE DATA; Schema: Buffy; Owner: postgres
--

COPY "Buffy"."stocksEtfs" (id, "investmentId", "stockName", ticker, shares, notes) FROM stdin;
\.


--
-- Data for Name: watchlist; Type: TABLE DATA; Schema: Buffy; Owner: postgres
--

COPY "Buffy".watchlist (id, "investmentId", "indexId") FROM stdin;
\.


--
-- Data for Name: auth_group; Type: TABLE DATA; Schema: public; Owner: postgres
--

COPY public.auth_group (id, name) FROM stdin;
\.


--
-- Data for Name: auth_group_permissions; Type: TABLE DATA; Schema: public; Owner: postgres
--

COPY public.auth_group_permissions (id, group_id, permission_id) FROM stdin;
\.


--
-- Data for Name: auth_permission; Type: TABLE DATA; Schema: public; Owner: postgres
--

COPY public.auth_permission (id, name, content_type_id, codename) FROM stdin;
1	Can add log entry	1	add_logentry
2	Can change log entry	1	change_logentry
3	Can delete log entry	1	delete_logentry
4	Can view log entry	1	view_logentry
5	Can add permission	2	add_permission
6	Can change permission	2	change_permission
7	Can delete permission	2	delete_permission
8	Can view permission	2	view_permission
9	Can add group	3	add_group
10	Can change group	3	change_group
11	Can delete group	3	delete_group
12	Can view group	3	view_group
13	Can add user	4	add_user
14	Can change user	4	change_user
15	Can delete user	4	delete_user
16	Can view user	4	view_user
17	Can add content type	5	add_contenttype
18	Can change content type	5	change_contenttype
19	Can delete content type	5	delete_contenttype
20	Can view content type	5	view_contenttype
21	Can add session	6	add_session
22	Can change session	6	change_session
23	Can delete session	6	delete_session
24	Can view session	6	view_session
25	Can add my model	7	add_mymodel
26	Can change my model	7	change_mymodel
27	Can delete my model	7	delete_mymodel
28	Can view my model	7	view_mymodel
\.


--
-- Data for Name: auth_user; Type: TABLE DATA; Schema: public; Owner: postgres
--

COPY public.auth_user (id, password, last_login, is_superuser, username, first_name, last_name, email, is_staff, is_active, date_joined) FROM stdin;
1	test	2024-02-11 18:32:56.137961-05	f	jheikkinen	James	Heikkinen	j@gmail.com	f	t	2024-02-11 18:32:56.137961-05
\.


--
-- Data for Name: auth_user_groups; Type: TABLE DATA; Schema: public; Owner: postgres
--

COPY public.auth_user_groups (id, user_id, group_id) FROM stdin;
\.


--
-- Data for Name: auth_user_user_permissions; Type: TABLE DATA; Schema: public; Owner: postgres
--

COPY public.auth_user_user_permissions (id, user_id, permission_id) FROM stdin;
\.


--
-- Data for Name: django_admin_log; Type: TABLE DATA; Schema: public; Owner: postgres
--

COPY public.django_admin_log (id, action_time, object_id, object_repr, action_flag, change_message, content_type_id, user_id) FROM stdin;
\.


--
-- Data for Name: django_content_type; Type: TABLE DATA; Schema: public; Owner: postgres
--

COPY public.django_content_type (id, app_label, model) FROM stdin;
1	admin	logentry
2	auth	permission
3	auth	group
4	auth	user
5	contenttypes	contenttype
6	sessions	session
7	WarrenBuffy	mymodel
\.


--
-- Data for Name: django_migrations; Type: TABLE DATA; Schema: public; Owner: postgres
--

COPY public.django_migrations (id, app, name, applied) FROM stdin;
1	contenttypes	0001_initial	2024-02-11 16:08:52.142469-05
2	auth	0001_initial	2024-02-11 16:08:52.176977-05
3	admin	0001_initial	2024-02-11 16:08:52.186656-05
4	admin	0002_logentry_remove_auto_add	2024-02-11 16:08:52.190287-05
5	admin	0003_logentry_add_action_flag_choices	2024-02-11 16:08:52.192742-05
6	contenttypes	0002_remove_content_type_name	2024-02-11 16:08:52.199697-05
7	auth	0002_alter_permission_name_max_length	2024-02-11 16:08:52.202727-05
8	auth	0003_alter_user_email_max_length	2024-02-11 16:08:52.206318-05
9	auth	0004_alter_user_username_opts	2024-02-11 16:08:52.210208-05
10	auth	0005_alter_user_last_login_null	2024-02-11 16:08:52.213739-05
11	auth	0006_require_contenttypes_0002	2024-02-11 16:08:52.214245-05
12	auth	0007_alter_validators_add_error_messages	2024-02-11 16:08:52.217255-05
13	auth	0008_alter_user_username_max_length	2024-02-11 16:08:52.222408-05
14	auth	0009_alter_user_last_name_max_length	2024-02-11 16:08:52.225445-05
15	auth	0010_alter_group_name_max_length	2024-02-11 16:08:52.229469-05
16	auth	0011_update_proxy_permissions	2024-02-11 16:08:52.232908-05
17	auth	0012_alter_user_first_name_max_length	2024-02-11 16:08:52.235977-05
18	sessions	0001_initial	2024-02-11 16:08:52.241258-05
\.


--
-- Data for Name: django_session; Type: TABLE DATA; Schema: public; Owner: postgres
--

COPY public.django_session (session_key, session_data, expire_date) FROM stdin;
\.


--
-- Data for Name: user; Type: TABLE DATA; Schema: public; Owner: postgres
--

COPY public."user" (id, phone, address1, address2, city, "zipCode", "budgetId", "portfolioId", "watchlistId", "authUserId") FROM stdin;
1	8603898276	5 Philip Lane		Ledyard	06339	1	1	1	1
\.


--
-- Name: auth_group_id_seq; Type: SEQUENCE SET; Schema: public; Owner: postgres
--

SELECT pg_catalog.setval('public.auth_group_id_seq', 1, false);


--
-- Name: auth_group_permissions_id_seq; Type: SEQUENCE SET; Schema: public; Owner: postgres
--

SELECT pg_catalog.setval('public.auth_group_permissions_id_seq', 1, false);


--
-- Name: auth_permission_id_seq; Type: SEQUENCE SET; Schema: public; Owner: postgres
--

SELECT pg_catalog.setval('public.auth_permission_id_seq', 28, true);


--
-- Name: auth_user_groups_id_seq; Type: SEQUENCE SET; Schema: public; Owner: postgres
--

SELECT pg_catalog.setval('public.auth_user_groups_id_seq', 1, false);


--
-- Name: auth_user_id_seq; Type: SEQUENCE SET; Schema: public; Owner: postgres
--

SELECT pg_catalog.setval('public.auth_user_id_seq', 1, false);


--
-- Name: auth_user_user_permissions_id_seq; Type: SEQUENCE SET; Schema: public; Owner: postgres
--

SELECT pg_catalog.setval('public.auth_user_user_permissions_id_seq', 1, false);


--
-- Name: django_admin_log_id_seq; Type: SEQUENCE SET; Schema: public; Owner: postgres
--

SELECT pg_catalog.setval('public.django_admin_log_id_seq', 1, false);


--
-- Name: django_content_type_id_seq; Type: SEQUENCE SET; Schema: public; Owner: postgres
--

SELECT pg_catalog.setval('public.django_content_type_id_seq', 7, true);


--
-- Name: django_migrations_id_seq; Type: SEQUENCE SET; Schema: public; Owner: postgres
--

SELECT pg_catalog.setval('public.django_migrations_id_seq', 18, true);


--
-- Name: investment FundUn; Type: CONSTRAINT; Schema: Buffy; Owner: postgres
--

ALTER TABLE ONLY "Buffy".investment
    ADD CONSTRAINT "FundUn" UNIQUE ("fundId");


--
-- Name: investment InvestUn; Type: CONSTRAINT; Schema: Buffy; Owner: postgres
--

ALTER TABLE ONLY "Buffy".investment
    ADD CONSTRAINT "InvestUn" UNIQUE ("investmentId");


--
-- Name: portfolio InvestmentUn; Type: CONSTRAINT; Schema: Buffy; Owner: postgres
--

ALTER TABLE ONLY "Buffy".portfolio
    ADD CONSTRAINT "InvestmentUn" UNIQUE ("investmentId");


--
-- Name: budget budgetItemIdUn; Type: CONSTRAINT; Schema: Buffy; Owner: postgres
--

ALTER TABLE ONLY "Buffy".budget
    ADD CONSTRAINT "budgetItemIdUn" UNIQUE ("budgetItemId");


--
-- Name: budgetSubCategoryLU budgetSubCategoryLUId; Type: CONSTRAINT; Schema: Buffy; Owner: postgres
--

ALTER TABLE ONLY "Buffy"."budgetSubCategoryLU"
    ADD CONSTRAINT "budgetSubCategoryLUId" PRIMARY KEY (id);


--
-- Name: budgetItems categoryIdUn; Type: CONSTRAINT; Schema: Buffy; Owner: postgres
--

ALTER TABLE ONLY "Buffy"."budgetItems"
    ADD CONSTRAINT "categoryIdUn" UNIQUE ("categoryId");


--
-- Name: budgetCategoryLU categoryNameUn; Type: CONSTRAINT; Schema: Buffy; Owner: postgres
--

ALTER TABLE ONLY "Buffy"."budgetCategoryLU"
    ADD CONSTRAINT "categoryNameUn" UNIQUE ("categoryName");


--
-- Name: watchlist indexIdUn; Type: CONSTRAINT; Schema: Buffy; Owner: postgres
--

ALTER TABLE ONLY "Buffy".watchlist
    ADD CONSTRAINT "indexIdUn" UNIQUE ("indexId");


--
-- Name: watchlist investmentIdUn; Type: CONSTRAINT; Schema: Buffy; Owner: postgres
--

ALTER TABLE ONLY "Buffy".watchlist
    ADD CONSTRAINT "investmentIdUn" UNIQUE ("investmentId");


--
-- Name: budgetItems pkeyBudgetItemId; Type: CONSTRAINT; Schema: Buffy; Owner: postgres
--

ALTER TABLE ONLY "Buffy"."budgetItems"
    ADD CONSTRAINT "pkeyBudgetItemId" PRIMARY KEY (id);


--
-- Name: index pkeyId; Type: CONSTRAINT; Schema: Buffy; Owner: postgres
--

ALTER TABLE ONLY "Buffy".index
    ADD CONSTRAINT "pkeyId" PRIMARY KEY (id);


--
-- Name: investment pkeyInvestmentId; Type: CONSTRAINT; Schema: Buffy; Owner: postgres
--

ALTER TABLE ONLY "Buffy".investment
    ADD CONSTRAINT "pkeyInvestmentId" PRIMARY KEY (id);


--
-- Name: watchlist pkeyWatchlistId; Type: CONSTRAINT; Schema: Buffy; Owner: postgres
--

ALTER TABLE ONLY "Buffy".watchlist
    ADD CONSTRAINT "pkeyWatchlistId" PRIMARY KEY (id);


--
-- Name: budgetCategoryLU pkeybudgetCategoryLUId; Type: CONSTRAINT; Schema: Buffy; Owner: postgres
--

ALTER TABLE ONLY "Buffy"."budgetCategoryLU"
    ADD CONSTRAINT "pkeybudgetCategoryLUId" PRIMARY KEY (id);


--
-- Name: budget pkeybudgetId; Type: CONSTRAINT; Schema: Buffy; Owner: postgres
--

ALTER TABLE ONLY "Buffy".budget
    ADD CONSTRAINT "pkeybudgetId" PRIMARY KEY (id);


--
-- Name: mutualFunds pkeymutualFundId; Type: CONSTRAINT; Schema: Buffy; Owner: postgres
--

ALTER TABLE ONLY "Buffy"."mutualFunds"
    ADD CONSTRAINT "pkeymutualFundId" PRIMARY KEY (id);


--
-- Name: portfolio pkeyportfolioId; Type: CONSTRAINT; Schema: Buffy; Owner: postgres
--

ALTER TABLE ONLY "Buffy".portfolio
    ADD CONSTRAINT "pkeyportfolioId" PRIMARY KEY (id);


--
-- Name: stocksEtfs pkeystockEtfs; Type: CONSTRAINT; Schema: Buffy; Owner: postgres
--

ALTER TABLE ONLY "Buffy"."stocksEtfs"
    ADD CONSTRAINT "pkeystockEtfs" PRIMARY KEY (id);


--
-- Name: budgetItems subCategoryIdUn; Type: CONSTRAINT; Schema: Buffy; Owner: postgres
--

ALTER TABLE ONLY "Buffy"."budgetItems"
    ADD CONSTRAINT "subCategoryIdUn" UNIQUE ("subCategoryId");


--
-- Name: budgetSubCategoryLU subCategoryNameUn; Type: CONSTRAINT; Schema: Buffy; Owner: postgres
--

ALTER TABLE ONLY "Buffy"."budgetSubCategoryLU"
    ADD CONSTRAINT "subCategoryNameUn" UNIQUE ("subCategoryName");


--
-- Name: auth_group auth_group_name_key; Type: CONSTRAINT; Schema: public; Owner: postgres
--

ALTER TABLE ONLY public.auth_group
    ADD CONSTRAINT auth_group_name_key UNIQUE (name);


--
-- Name: auth_group_permissions auth_group_permissions_group_id_permission_id_0cd325b0_uniq; Type: CONSTRAINT; Schema: public; Owner: postgres
--

ALTER TABLE ONLY public.auth_group_permissions
    ADD CONSTRAINT auth_group_permissions_group_id_permission_id_0cd325b0_uniq UNIQUE (group_id, permission_id);


--
-- Name: auth_group_permissions auth_group_permissions_pkey; Type: CONSTRAINT; Schema: public; Owner: postgres
--

ALTER TABLE ONLY public.auth_group_permissions
    ADD CONSTRAINT auth_group_permissions_pkey PRIMARY KEY (id);


--
-- Name: auth_group auth_group_pkey; Type: CONSTRAINT; Schema: public; Owner: postgres
--

ALTER TABLE ONLY public.auth_group
    ADD CONSTRAINT auth_group_pkey PRIMARY KEY (id);


--
-- Name: auth_permission auth_permission_content_type_id_codename_01ab375a_uniq; Type: CONSTRAINT; Schema: public; Owner: postgres
--

ALTER TABLE ONLY public.auth_permission
    ADD CONSTRAINT auth_permission_content_type_id_codename_01ab375a_uniq UNIQUE (content_type_id, codename);


--
-- Name: auth_permission auth_permission_pkey; Type: CONSTRAINT; Schema: public; Owner: postgres
--

ALTER TABLE ONLY public.auth_permission
    ADD CONSTRAINT auth_permission_pkey PRIMARY KEY (id);


--
-- Name: auth_user_groups auth_user_groups_pkey; Type: CONSTRAINT; Schema: public; Owner: postgres
--

ALTER TABLE ONLY public.auth_user_groups
    ADD CONSTRAINT auth_user_groups_pkey PRIMARY KEY (id);


--
-- Name: auth_user_groups auth_user_groups_user_id_group_id_94350c0c_uniq; Type: CONSTRAINT; Schema: public; Owner: postgres
--

ALTER TABLE ONLY public.auth_user_groups
    ADD CONSTRAINT auth_user_groups_user_id_group_id_94350c0c_uniq UNIQUE (user_id, group_id);


--
-- Name: auth_user auth_user_pkey; Type: CONSTRAINT; Schema: public; Owner: postgres
--

ALTER TABLE ONLY public.auth_user
    ADD CONSTRAINT auth_user_pkey PRIMARY KEY (id);


--
-- Name: auth_user_user_permissions auth_user_user_permissions_pkey; Type: CONSTRAINT; Schema: public; Owner: postgres
--

ALTER TABLE ONLY public.auth_user_user_permissions
    ADD CONSTRAINT auth_user_user_permissions_pkey PRIMARY KEY (id);


--
-- Name: auth_user_user_permissions auth_user_user_permissions_user_id_permission_id_14a6b632_uniq; Type: CONSTRAINT; Schema: public; Owner: postgres
--

ALTER TABLE ONLY public.auth_user_user_permissions
    ADD CONSTRAINT auth_user_user_permissions_user_id_permission_id_14a6b632_uniq UNIQUE (user_id, permission_id);


--
-- Name: auth_user auth_user_username_key; Type: CONSTRAINT; Schema: public; Owner: postgres
--

ALTER TABLE ONLY public.auth_user
    ADD CONSTRAINT auth_user_username_key UNIQUE (username);


--
-- Name: user budgetUnique; Type: CONSTRAINT; Schema: public; Owner: postgres
--

ALTER TABLE ONLY public."user"
    ADD CONSTRAINT "budgetUnique" UNIQUE ("budgetId");


--
-- Name: django_admin_log django_admin_log_pkey; Type: CONSTRAINT; Schema: public; Owner: postgres
--

ALTER TABLE ONLY public.django_admin_log
    ADD CONSTRAINT django_admin_log_pkey PRIMARY KEY (id);


--
-- Name: django_content_type django_content_type_app_label_model_76bd3d3b_uniq; Type: CONSTRAINT; Schema: public; Owner: postgres
--

ALTER TABLE ONLY public.django_content_type
    ADD CONSTRAINT django_content_type_app_label_model_76bd3d3b_uniq UNIQUE (app_label, model);


--
-- Name: django_content_type django_content_type_pkey; Type: CONSTRAINT; Schema: public; Owner: postgres
--

ALTER TABLE ONLY public.django_content_type
    ADD CONSTRAINT django_content_type_pkey PRIMARY KEY (id);


--
-- Name: django_migrations django_migrations_pkey; Type: CONSTRAINT; Schema: public; Owner: postgres
--

ALTER TABLE ONLY public.django_migrations
    ADD CONSTRAINT django_migrations_pkey PRIMARY KEY (id);


--
-- Name: django_session django_session_pkey; Type: CONSTRAINT; Schema: public; Owner: postgres
--

ALTER TABLE ONLY public.django_session
    ADD CONSTRAINT django_session_pkey PRIMARY KEY (session_key);


--
-- Name: auth_user idUnique; Type: CONSTRAINT; Schema: public; Owner: postgres
--

ALTER TABLE ONLY public.auth_user
    ADD CONSTRAINT "idUnique" UNIQUE (id);


--
-- Name: user portUnique; Type: CONSTRAINT; Schema: public; Owner: postgres
--

ALTER TABLE ONLY public."user"
    ADD CONSTRAINT "portUnique" UNIQUE ("portfolioId");


--
-- Name: user user_pkey; Type: CONSTRAINT; Schema: public; Owner: postgres
--

ALTER TABLE ONLY public."user"
    ADD CONSTRAINT user_pkey PRIMARY KEY (id);


--
-- Name: user watchlistUnique; Type: CONSTRAINT; Schema: public; Owner: postgres
--

ALTER TABLE ONLY public."user"
    ADD CONSTRAINT "watchlistUnique" UNIQUE ("watchlistId");


--
-- Name: auth_group_name_a6ea08ec_like; Type: INDEX; Schema: public; Owner: postgres
--

CREATE INDEX auth_group_name_a6ea08ec_like ON public.auth_group USING btree (name varchar_pattern_ops);


--
-- Name: auth_group_permissions_group_id_b120cbf9; Type: INDEX; Schema: public; Owner: postgres
--

CREATE INDEX auth_group_permissions_group_id_b120cbf9 ON public.auth_group_permissions USING btree (group_id);


--
-- Name: auth_group_permissions_permission_id_84c5c92e; Type: INDEX; Schema: public; Owner: postgres
--

CREATE INDEX auth_group_permissions_permission_id_84c5c92e ON public.auth_group_permissions USING btree (permission_id);


--
-- Name: auth_permission_content_type_id_2f476e4b; Type: INDEX; Schema: public; Owner: postgres
--

CREATE INDEX auth_permission_content_type_id_2f476e4b ON public.auth_permission USING btree (content_type_id);


--
-- Name: auth_user_groups_group_id_97559544; Type: INDEX; Schema: public; Owner: postgres
--

CREATE INDEX auth_user_groups_group_id_97559544 ON public.auth_user_groups USING btree (group_id);


--
-- Name: auth_user_groups_user_id_6a12ed8b; Type: INDEX; Schema: public; Owner: postgres
--

CREATE INDEX auth_user_groups_user_id_6a12ed8b ON public.auth_user_groups USING btree (user_id);


--
-- Name: auth_user_user_permissions_permission_id_1fbb5f2c; Type: INDEX; Schema: public; Owner: postgres
--

CREATE INDEX auth_user_user_permissions_permission_id_1fbb5f2c ON public.auth_user_user_permissions USING btree (permission_id);


--
-- Name: auth_user_user_permissions_user_id_a95ead1b; Type: INDEX; Schema: public; Owner: postgres
--

CREATE INDEX auth_user_user_permissions_user_id_a95ead1b ON public.auth_user_user_permissions USING btree (user_id);


--
-- Name: auth_user_username_6821ab7c_like; Type: INDEX; Schema: public; Owner: postgres
--

CREATE INDEX auth_user_username_6821ab7c_like ON public.auth_user USING btree (username varchar_pattern_ops);


--
-- Name: django_admin_log_content_type_id_c4bce8eb; Type: INDEX; Schema: public; Owner: postgres
--

CREATE INDEX django_admin_log_content_type_id_c4bce8eb ON public.django_admin_log USING btree (content_type_id);


--
-- Name: django_admin_log_user_id_c564eba6; Type: INDEX; Schema: public; Owner: postgres
--

CREATE INDEX django_admin_log_user_id_c564eba6 ON public.django_admin_log USING btree (user_id);


--
-- Name: django_session_expire_date_a5c62663; Type: INDEX; Schema: public; Owner: postgres
--

CREATE INDEX django_session_expire_date_a5c62663 ON public.django_session USING btree (expire_date);


--
-- Name: django_session_session_key_c0390e0f_like; Type: INDEX; Schema: public; Owner: postgres
--

CREATE INDEX django_session_session_key_c0390e0f_like ON public.django_session USING btree (session_key varchar_pattern_ops);


--
-- Name: budget budgeId; Type: FK CONSTRAINT; Schema: Buffy; Owner: postgres
--

ALTER TABLE ONLY "Buffy".budget
    ADD CONSTRAINT "budgeId" FOREIGN KEY (id) REFERENCES public."user"("budgetId");


--
-- Name: budgetItems budgetItemId; Type: FK CONSTRAINT; Schema: Buffy; Owner: postgres
--

ALTER TABLE ONLY "Buffy"."budgetItems"
    ADD CONSTRAINT "budgetItemId" FOREIGN KEY ("budgetItemId") REFERENCES "Buffy".budget("budgetItemId");


--
-- Name: budgetCategoryLU categoryId; Type: FK CONSTRAINT; Schema: Buffy; Owner: postgres
--

ALTER TABLE ONLY "Buffy"."budgetCategoryLU"
    ADD CONSTRAINT "categoryId" FOREIGN KEY (id) REFERENCES "Buffy"."budgetItems"("categoryId") NOT VALID;


--
-- Name: mutualFunds fundId; Type: FK CONSTRAINT; Schema: Buffy; Owner: postgres
--

ALTER TABLE ONLY "Buffy"."mutualFunds"
    ADD CONSTRAINT "fundId" FOREIGN KEY ("fundId") REFERENCES "Buffy".investment("fundId");


--
-- Name: index indexId; Type: FK CONSTRAINT; Schema: Buffy; Owner: postgres
--

ALTER TABLE ONLY "Buffy".index
    ADD CONSTRAINT "indexId" FOREIGN KEY ("indexId") REFERENCES "Buffy".watchlist("indexId");


--
-- Name: investment investmentIdPortfolio; Type: FK CONSTRAINT; Schema: Buffy; Owner: postgres
--

ALTER TABLE ONLY "Buffy".investment
    ADD CONSTRAINT "investmentIdPortfolio" FOREIGN KEY (id) REFERENCES "Buffy".portfolio("investmentId") NOT VALID;


--
-- Name: investment investmentIdWatchlist; Type: FK CONSTRAINT; Schema: Buffy; Owner: postgres
--

ALTER TABLE ONLY "Buffy".investment
    ADD CONSTRAINT "investmentIdWatchlist" FOREIGN KEY (id) REFERENCES "Buffy".watchlist("investmentId");


--
-- Name: portfolio portfolioId; Type: FK CONSTRAINT; Schema: Buffy; Owner: postgres
--

ALTER TABLE ONLY "Buffy".portfolio
    ADD CONSTRAINT "portfolioId" FOREIGN KEY (id) REFERENCES public."user"("portfolioId");


--
-- Name: stocksEtfs stocksEtfsId; Type: FK CONSTRAINT; Schema: Buffy; Owner: postgres
--

ALTER TABLE ONLY "Buffy"."stocksEtfs"
    ADD CONSTRAINT "stocksEtfsId" FOREIGN KEY ("investmentId") REFERENCES "Buffy".investment("investmentId");


--
-- Name: budgetSubCategoryLU subCategoryNameId; Type: FK CONSTRAINT; Schema: Buffy; Owner: postgres
--

ALTER TABLE ONLY "Buffy"."budgetSubCategoryLU"
    ADD CONSTRAINT "subCategoryNameId" FOREIGN KEY (id) REFERENCES "Buffy"."budgetItems"("subCategoryId");


--
-- Name: watchlist watcthlistId; Type: FK CONSTRAINT; Schema: Buffy; Owner: postgres
--

ALTER TABLE ONLY "Buffy".watchlist
    ADD CONSTRAINT "watcthlistId" FOREIGN KEY (id) REFERENCES public."user"("watchlistId");


--
-- Name: user User to AuthUserId; Type: FK CONSTRAINT; Schema: public; Owner: postgres
--

ALTER TABLE ONLY public."user"
    ADD CONSTRAINT "User to AuthUserId" FOREIGN KEY ("authUserId") REFERENCES public.auth_user(id);


--
-- Name: auth_group_permissions auth_group_permissio_permission_id_84c5c92e_fk_auth_perm; Type: FK CONSTRAINT; Schema: public; Owner: postgres
--

ALTER TABLE ONLY public.auth_group_permissions
    ADD CONSTRAINT auth_group_permissio_permission_id_84c5c92e_fk_auth_perm FOREIGN KEY (permission_id) REFERENCES public.auth_permission(id) DEFERRABLE INITIALLY DEFERRED;


--
-- Name: auth_group_permissions auth_group_permissions_group_id_b120cbf9_fk_auth_group_id; Type: FK CONSTRAINT; Schema: public; Owner: postgres
--

ALTER TABLE ONLY public.auth_group_permissions
    ADD CONSTRAINT auth_group_permissions_group_id_b120cbf9_fk_auth_group_id FOREIGN KEY (group_id) REFERENCES public.auth_group(id) DEFERRABLE INITIALLY DEFERRED;


--
-- Name: auth_permission auth_permission_content_type_id_2f476e4b_fk_django_co; Type: FK CONSTRAINT; Schema: public; Owner: postgres
--

ALTER TABLE ONLY public.auth_permission
    ADD CONSTRAINT auth_permission_content_type_id_2f476e4b_fk_django_co FOREIGN KEY (content_type_id) REFERENCES public.django_content_type(id) DEFERRABLE INITIALLY DEFERRED;


--
-- Name: auth_user_groups auth_user_groups_group_id_97559544_fk_auth_group_id; Type: FK CONSTRAINT; Schema: public; Owner: postgres
--

ALTER TABLE ONLY public.auth_user_groups
    ADD CONSTRAINT auth_user_groups_group_id_97559544_fk_auth_group_id FOREIGN KEY (group_id) REFERENCES public.auth_group(id) DEFERRABLE INITIALLY DEFERRED;


--
-- Name: auth_user_groups auth_user_groups_user_id_6a12ed8b_fk_auth_user_id; Type: FK CONSTRAINT; Schema: public; Owner: postgres
--

ALTER TABLE ONLY public.auth_user_groups
    ADD CONSTRAINT auth_user_groups_user_id_6a12ed8b_fk_auth_user_id FOREIGN KEY (user_id) REFERENCES public.auth_user(id) DEFERRABLE INITIALLY DEFERRED;


--
-- Name: auth_user_user_permissions auth_user_user_permi_permission_id_1fbb5f2c_fk_auth_perm; Type: FK CONSTRAINT; Schema: public; Owner: postgres
--

ALTER TABLE ONLY public.auth_user_user_permissions
    ADD CONSTRAINT auth_user_user_permi_permission_id_1fbb5f2c_fk_auth_perm FOREIGN KEY (permission_id) REFERENCES public.auth_permission(id) DEFERRABLE INITIALLY DEFERRED;


--
-- Name: auth_user_user_permissions auth_user_user_permissions_user_id_a95ead1b_fk_auth_user_id; Type: FK CONSTRAINT; Schema: public; Owner: postgres
--

ALTER TABLE ONLY public.auth_user_user_permissions
    ADD CONSTRAINT auth_user_user_permissions_user_id_a95ead1b_fk_auth_user_id FOREIGN KEY (user_id) REFERENCES public.auth_user(id) DEFERRABLE INITIALLY DEFERRED;


--
-- Name: django_admin_log django_admin_log_content_type_id_c4bce8eb_fk_django_co; Type: FK CONSTRAINT; Schema: public; Owner: postgres
--

ALTER TABLE ONLY public.django_admin_log
    ADD CONSTRAINT django_admin_log_content_type_id_c4bce8eb_fk_django_co FOREIGN KEY (content_type_id) REFERENCES public.django_content_type(id) DEFERRABLE INITIALLY DEFERRED;


--
-- Name: django_admin_log django_admin_log_user_id_c564eba6_fk_auth_user_id; Type: FK CONSTRAINT; Schema: public; Owner: postgres
--

ALTER TABLE ONLY public.django_admin_log
    ADD CONSTRAINT django_admin_log_user_id_c564eba6_fk_auth_user_id FOREIGN KEY (user_id) REFERENCES public.auth_user(id) DEFERRABLE INITIALLY DEFERRED;


--
-- PostgreSQL database dump complete
--

